STPSxx-SPCT Inductif_31032_20200414_154432.csv;;;
Claire Maxime;;;
sn :;31032;;
Cadence d'enregistrement :;3600 s;;
;;;
Date;Température (-5 +35°C) (øC);Profondeur 30m (m);Salinité (g/l)
28/02/2020 12:00;6,89;0,62;18,05
28/02/2020 13:00;7,01;0,61;18,07
28/02/2020 14:00;7,16;0,59;18,07
28/02/2020 15:00;7,48;0,59;18,08
28/02/2020 16:00;7,6;0,58;18,08
28/02/2020 17:00;8,08;0,58;18,08
28/02/2020 18:00;8,18;0,58;18,08
28/02/2020 19:00;8,41;0,58;18,07
28/02/2020 20:00;8,36;0,57;18,08
28/02/2020 21:00;8,58;0,56;18,07
28/02/2020 22:00;8,66;0,55;18,07
28/02/2020 23:00;8,76;0,55;18,07
29/02/2020 00:00;8,8;0,54;18,06
29/02/2020 01:00;8,74;0,51;18,08
29/02/2020 02:00;8,66;0,49;18,07
29/02/2020 03:00;8,59;0,47;18,07
29/02/2020 04:00;8,5;0,46;18,07
29/02/2020 05:00;8,45;0,44;18,08
29/02/2020 06:00;8,4;0,41;18,07
29/02/2020 07:00;8,41;0,39;18,09
29/02/2020 08:00;8,34;0,42;17,88
29/02/2020 09:00;8,18;0,43;17,71
29/02/2020 10:00;8,17;0,45;17,68
29/02/2020 11:00;8,26;0,46;17,67
29/02/2020 12:00;8,4;0,48;17,68
29/02/2020 13:00;8,78;0,5;17,71
29/02/2020 14:00;9,34;0,5;17,72
29/02/2020 15:00;9,78;0,5;17,71
29/02/2020 16:00;9,82;0,51;17,7
29/02/2020 17:00;9,66;0,51;17,7
29/02/2020 18:00;9,43;0,5;17,69
29/02/2020 19:00;9,11;0,51;17,69
29/02/2020 20:00;8,71;0,51;17,7
29/02/2020 21:00;8,28;0,5;17,71
29/02/2020 22:00;7,92;0,49;17,72
29/02/2020 23:00;7,73;0,49;17,72
01/03/2020 00:00;7,56;0,49;17,72
01/03/2020 01:00;7,38;0,48;17,71
01/03/2020 02:00;7,17;0,48;17,71
01/03/2020 03:00;6,99;0,48;17,73
01/03/2020 04:00;6,86;0,47;17,73
01/03/2020 05:00;6,74;0,46;17,72
01/03/2020 06:00;6,53;0,46;17,74
01/03/2020 07:00;6,55;0,46;17,72
01/03/2020 08:00;6,33;0,44;17,72
01/03/2020 09:00;6,42;0,45;17,73
01/03/2020 10:00;6,34;0,44;17,75
01/03/2020 11:00;6,59;0,44;17,75
01/03/2020 12:00;6,89;0,45;17,75
01/03/2020 13:00;7,24;0,46;17,75
01/03/2020 14:00;7,64;0,47;17,74
01/03/2020 15:00;8,33;0,49;17,74
01/03/2020 16:00;8,7;0,5;17,74
01/03/2020 17:00;8,99;0,5;17,74
01/03/2020 18:00;8,85;0,48;17,73
01/03/2020 19:00;8,73;0,49;17,73
01/03/2020 20:00;8,71;0,47;17,74
01/03/2020 21:00;8,59;0,46;17,75
01/03/2020 22:00;8,43;0,46;17,77
01/03/2020 23:00;8,38;0,43;17,75
02/03/2020 00:00;8,25;0,43;17,72
02/03/2020 01:00;8,32;0,41;17,74
02/03/2020 02:00;8,31;0,4;17,74
02/03/2020 03:00;8,2;0,39;17,72
02/03/2020 04:00;8,22;0,4;17,72
02/03/2020 05:00;8,02;0,38;17,68
02/03/2020 06:00;7,96;0,39;17,44
02/03/2020 07:00;7,87;0,38;17,63
02/03/2020 08:00;7,77;0,39;17,61
02/03/2020 09:00;7,57;0,39;17,59
02/03/2020 10:00;7,56;0,41;17,59
02/03/2020 11:00;7,72;0,44;17,59
02/03/2020 12:00;7,96;0,46;17,6
02/03/2020 13:00;8,46;0,5;17,57
02/03/2020 14:00;9,18;0,5;17,59
02/03/2020 15:00;9,69;0,53;17,59
02/03/2020 16:00;9,87;0,54;17,56
02/03/2020 17:00;9,8;0,55;17,58
02/03/2020 18:00;9,58;0,55;17,58
02/03/2020 19:00;9,25;0,56;17,58
02/03/2020 20:00;8,83;0,56;17,6
02/03/2020 21:00;8,48;0,56;17,6
02/03/2020 22:00;8,38;0,55;17,58
02/03/2020 23:00;8,05;0,56;17,47
03/03/2020 00:00;7,87;0,55;17,51
03/03/2020 01:00;7,48;0,55;17,49
03/03/2020 02:00;7,42;0,55;17,5
03/03/2020 03:00;7,26;0,55;17,49
03/03/2020 04:00;7,26;0,55;17,5
03/03/2020 05:00;6,97;0,53;17,44
03/03/2020 06:00;6,77;0,53;17,41
03/03/2020 07:00;6,58;0,53;17,4
03/03/2020 08:00;6,42;0,52;17,42
03/03/2020 09:00;6,48;0,51;17,4
03/03/2020 10:00;6,56;0,52;17,41
03/03/2020 11:00;6,47;0,53;17,32
03/03/2020 12:00;6,78;0,55;17,32
03/03/2020 13:00;7,05;0,56;17,29
03/03/2020 14:00;7,37;0,57;17,27
03/03/2020 15:00;7,66;0,57;17,21
03/03/2020 16:00;7,83;0,58;17,21
03/03/2020 17:00;8,26;0,62;17,2
03/03/2020 18:00;8,26;0,62;17,15
03/03/2020 19:00;7,99;0,63;17,17
03/03/2020 20:00;7,82;0,62;17,18
03/03/2020 21:00;7,64;0,63;17,19
03/03/2020 22:00;7,56;0,64;17,21
03/03/2020 23:00;7,47;0,64;17,22
04/03/2020 00:00;7,46;0,64;17,22
04/03/2020 01:00;7,27;0,63;17,19
04/03/2020 02:00;7,25;0,63;17,19
04/03/2020 03:00;7,17;0,61;17,18
04/03/2020 04:00;7,23;0,61;17,18
04/03/2020 05:00;7,04;0,61;17,19
04/03/2020 06:00;6,96;0,61;17,16
04/03/2020 07:00;6,93;0,6;17,17
04/03/2020 08:00;6,84;0,6;17,14
04/03/2020 09:00;6,98;0,58;17,18
04/03/2020 10:00;6,99;0,58;17,15
04/03/2020 11:00;7,23;0,57;17,14
04/03/2020 12:00;7,45;0,56;17,13
04/03/2020 13:00;7,62;0,56;17,14
04/03/2020 14:00;7,77;0,55;17,12
04/03/2020 15:00;8,05;0,56;17,11
04/03/2020 16:00;8,37;0,55;17,12
04/03/2020 17:00;8,65;0,55;17,11
04/03/2020 18:00;8,79;0,56;17,11
04/03/2020 19:00;8,79;0,57;17,1
04/03/2020 20:00;8,78;0,56;17,09
04/03/2020 21:00;8,77;0,55;17,09
04/03/2020 22:00;8,76;0,55;17,09
04/03/2020 23:00;8,75;0,53;17,09
05/03/2020 00:00;8,75;0,53;17,09
05/03/2020 01:00;8,79;0,51;17,1
05/03/2020 02:00;8,78;0,5;17,09
05/03/2020 03:00;8,78;0,49;17,12
05/03/2020 04:00;8,81;0,47;17,11
05/03/2020 05:00;8,8;0,44;17,12
05/03/2020 06:00;8,8;0,43;17,12
05/03/2020 07:00;8,79;0,41;17,12
05/03/2020 08:00;8,84;0,39;17,12
05/03/2020 09:00;8,89;0,39;17,15
05/03/2020 10:00;8,97;0,39;17,17
05/03/2020 11:00;9,22;0,39;17,12
05/03/2020 12:00;9,55;0,38;17,07
05/03/2020 13:00;9,74;0,37;17,05
05/03/2020 14:00;10,08;0,39;17,05
05/03/2020 15:00;10,08;0,43;15,71
05/03/2020 16:00;9,91;0,46;15,85
05/03/2020 17:00;9,53;0,48;15,8
05/03/2020 18:00;9,18;0,49;15,83
05/03/2020 19:00;8,82;0,5;15,84
05/03/2020 20:00;8,48;0,51;15,85
05/03/2020 21:00;8,21;0,52;15,86
05/03/2020 22:00;7,98;0,51;15,85
05/03/2020 23:00;7,84;0,52;15,86
06/03/2020 00:00;7,68;0,5;15,86
06/03/2020 01:00;7,38;0,5;15,85
06/03/2020 02:00;7,16;0,5;15,85
06/03/2020 03:00;7,01;0,5;15,87
06/03/2020 04:00;6,8;0,5;15,87
06/03/2020 05:00;6,69;0,49;15,88
06/03/2020 06:00;6,58;0,48;15,89
06/03/2020 07:00;6,53;0,49;15,9
06/03/2020 08:00;6,52;0,5;15,9
06/03/2020 09:00;6,51;0,51;15,88
06/03/2020 10:00;6,69;0,51;15,87
06/03/2020 11:00;6,88;0,53;15,85
06/03/2020 12:00;7,13;0,55;15,83
06/03/2020 13:00;7,44;0,55;15,73
06/03/2020 14:00;7,88;0,57;15,74
06/03/2020 15:00;8,74;0,59;15,66
06/03/2020 16:00;9,46;0,59;15,74
06/03/2020 17:00;9,54;0,63;15,76
06/03/2020 18:00;9,52;0,63;15,73
06/03/2020 19:00;9,25;0,65;15,69
06/03/2020 20:00;8,89;0,63;15,71
06/03/2020 21:00;8,69;0,63;15,64
06/03/2020 22:00;8,46;0,66;15,68
06/03/2020 23:00;8,12;0,65;15,7
07/03/2020 00:00;7,73;0,66;15,7
07/03/2020 01:00;7,67;0,65;15,7
07/03/2020 02:00;7,51;0,66;15,71
07/03/2020 03:00;7,3;0,66;15,71
07/03/2020 04:00;7,12;0,66;15,7
07/03/2020 05:00;7,05;0,66;15,72
07/03/2020 06:00;6,84;0,65;15,71
07/03/2020 07:00;6,85;0,66;15,73
07/03/2020 08:00;6,88;0,65;15,73
07/03/2020 09:00;6,98;0,67;15,72
07/03/2020 10:00;7,1;0,67;15,72
07/03/2020 11:00;7,28;0,68;15,71
07/03/2020 12:00;7,47;0,68;15,72
07/03/2020 13:00;7,76;0,68;15,71
07/03/2020 14:00;8,24;0,68;15,71
07/03/2020 15:00;8,97;0,68;15,72
07/03/2020 16:00;9,54;0,7;15,72
07/03/2020 17:00;9,81;0,7;15,71
07/03/2020 18:00;9,94;0,7;15,71
07/03/2020 19:00;9,98;0,69;15,72
07/03/2020 20:00;9,89;0,69;15,71
07/03/2020 21:00;9,73;0,67;15,72
07/03/2020 22:00;9,57;0,67;15,72
07/03/2020 23:00;9,33;0,66;15,73
08/03/2020 00:00;9,1;0,64;15,74
08/03/2020 01:00;8,84;0,64;15,74
08/03/2020 02:00;8,66;0,61;15,75
08/03/2020 03:00;8,5;0,61;15,76
08/03/2020 04:00;8,41;0,59;15,76
08/03/2020 05:00;8,39;0,58;15,77
08/03/2020 06:00;8,43;0,58;15,75
08/03/2020 07:00;8,47;0,58;15,73
08/03/2020 08:00;8,54;0,58;15,71
08/03/2020 09:00;8,69;0,57;15,7
08/03/2020 10:00;8,91;0,58;15,68
08/03/2020 11:00;9,18;0,58;15,69
08/03/2020 12:00;9,49;0,6;15,67
08/03/2020 13:00;9,85;0,61;15,65
08/03/2020 14:00;10,3;0,59;15,61
08/03/2020 15:00;10,76;0,61;15,61
08/03/2020 16:00;11,38;0,62;15,61
08/03/2020 17:00;11,6;0,63;15,62
08/03/2020 18:00;11,43;0,62;15,61
08/03/2020 19:00;11,13;0,63;15,62
08/03/2020 20:00;10,77;0,62;15,62
08/03/2020 21:00;10,45;0,62;15,63
08/03/2020 22:00;10,13;0,62;15,56
08/03/2020 23:00;9,82;0,63;15,56
09/03/2020 00:00;9,49;0,63;15,56
09/03/2020 01:00;9,14;0,61;15,57
09/03/2020 02:00;8,91;0,61;15,58
09/03/2020 03:00;8,49;0,62;15,57
09/03/2020 04:00;8,21;0,62;15,59
09/03/2020 05:00;7,93;0,61;15,6
09/03/2020 06:00;7,74;0,62;15,59
09/03/2020 07:00;7,54;0,62;15,6
09/03/2020 08:00;7,42;0,62;15,6
09/03/2020 09:00;7,36;0,64;15,62
09/03/2020 10:00;7,56;0,64;15,61
09/03/2020 11:00;8,01;0,65;15,46
09/03/2020 12:00;8,56;0,65;15,61
09/03/2020 13:00;9,52;0,68;15,42
09/03/2020 14:00;10,22;0,69;15,62
09/03/2020 15:00;10,65;0,69;15,62
09/03/2020 16:00;10,77;0,69;15,62
09/03/2020 17:00;10,77;0,7;15,61
09/03/2020 18:00;10,67;0,69;15,56
09/03/2020 19:00;10,54;0,67;15,56
09/03/2020 20:00;10,38;0,67;15,55
09/03/2020 21:00;9,99;0,64;15,48
09/03/2020 22:00;9,81;0,65;15,51
09/03/2020 23:00;9,74;0,64;15,5
10/03/2020 00:00;9,73;0,64;15,5
10/03/2020 01:00;9,71;0,62;15,49
10/03/2020 02:00;9,68;0,62;15,49
10/03/2020 03:00;9,66;0,63;15,49
10/03/2020 04:00;9,67;0,63;15,5
10/03/2020 05:00;9,67;0,63;15,5
10/03/2020 06:00;9,68;0,63;15,47
10/03/2020 07:00;9,68;0,62;15,51
10/03/2020 08:00;9,69;0,63;15,48
10/03/2020 09:00;9,74;0,63;15,49
10/03/2020 10:00;9,86;0,64;15,45
10/03/2020 11:00;10,13;0,64;15,27
10/03/2020 12:00;10,43;0,65;14,78
10/03/2020 13:00;11;0,66;14,77
10/03/2020 14:00;11,78;0,67;14,76
10/03/2020 15:00;12,32;0,68;14,32
10/03/2020 16:00;12,72;0,69;14,77
10/03/2020 17:00;12,96;0,68;14,78
10/03/2020 18:00;12,96;0,69;14,79
10/03/2020 19:00;12,8;0,7;14,78
10/03/2020 20:00;12,57;0,69;14,35
10/03/2020 21:00;12,34;0,69;14,68
10/03/2020 22:00;12,17;0,71;14,84
10/03/2020 23:00;12;0,71;14,84
11/03/2020 00:00;11,88;0,7;14,84
11/03/2020 01:00;11,74;0,7;14,84
11/03/2020 02:00;11,62;0,7;14,87
11/03/2020 03:00;11,49;0,71;14,9
11/03/2020 04:00;11,36;0,69;14,91
11/03/2020 05:00;11,3;0,7;14,91
11/03/2020 06:00;11,2;0,7;14,91
11/03/2020 07:00;11,13;0,7;14,9
11/03/2020 08:00;11,07;0,7;14,92
11/03/2020 09:00;11,04;0,71;14,83
11/03/2020 10:00;11,1;0,71;13,82
11/03/2020 11:00;11,25;0,72;14,9
11/03/2020 12:00;11,48;0,73;14,75
11/03/2020 13:00;11,84;0,74;14,79
11/03/2020 14:00;12,14;0,73;14,85
11/03/2020 15:00;12,41;0,74;14,85
11/03/2020 16:00;12,67;0,72;14,79
11/03/2020 17:00;12,77;0,73;14,8
11/03/2020 18:00;12,79;0,72;14,82
11/03/2020 19:00;12,65;0,73;14,82
11/03/2020 20:00;12,43;0,72;14,83
11/03/2020 21:00;12,27;0,71;14,85
11/03/2020 22:00;12,08;0,73;14,89
11/03/2020 23:00;11,92;0,74;14,95
12/03/2020 00:00;11,83;0,75;15,04
12/03/2020 01:00;11,75;0,74;15,05
12/03/2020 02:00;11,64;0,75;15,07
12/03/2020 03:00;11,25;0,76;14,91
12/03/2020 04:00;11,14;0,76;15,18
12/03/2020 05:00;11,04;0,76;15,41
12/03/2020 06:00;10,98;0,78;15,28
12/03/2020 07:00;10,93;0,8;15,16
12/03/2020 08:00;10,84;0,79;15,1
12/03/2020 09:00;10,55;0,79;14,95
12/03/2020 10:00;10,54;0,8;15,15
12/03/2020 11:00;10,29;0,8;14,82
12/03/2020 12:00;10,3;0,81;14,67
12/03/2020 13:00;10,84;0,82;14,74
12/03/2020 14:00;11,56;0,84;14,75
12/03/2020 15:00;11,85;0,84;14,67
12/03/2020 16:00;12,13;0,86;14,68
12/03/2020 17:00;12,2;0,86;14,62
12/03/2020 18:00;11,98;0,85;14,69
12/03/2020 19:00;11,73;0,86;14,65
12/03/2020 20:00;11,42;0,86;14,93
12/03/2020 21:00;10,9;0,86;14,64
12/03/2020 22:00;10,96;0,87;15,02
12/03/2020 23:00;10,59;0,87;15,08
13/03/2020 00:00;10,24;0,86;15,23
13/03/2020 01:00;10,07;0,87;15,05
13/03/2020 02:00;10,12;0,88;15,33
13/03/2020 03:00;10,2;0,88;15,41
13/03/2020 04:00;9,94;0,87;15,34
13/03/2020 05:00;9,8;0,89;15,44
13/03/2020 06:00;9,79;0,89;15,69
13/03/2020 07:00;9,86;0,89;15,76
13/03/2020 08:00;9,76;0,91;15,85
13/03/2020 09:00;9,9;0,91;15,91
13/03/2020 10:00;10,01;0,91;15,96
13/03/2020 11:00;10,02;0,91;15,92
13/03/2020 12:00;10,17;0,93;15,92
13/03/2020 13:00;10,24;0,92;15,87
13/03/2020 14:00;10,62;0,93;15,82
13/03/2020 15:00;10,97;0,93;15,9
13/03/2020 16:00;11,53;0,94;15,97
13/03/2020 17:00;11,89;0,93;16,14
13/03/2020 18:00;12,17;0,93;16,21
13/03/2020 19:00;12,2;0,93;16,27
13/03/2020 20:00;12,27;0,93;16,46
13/03/2020 21:00;12,3;0,93;16,5
13/03/2020 22:00;12,39;0,94;16,66
13/03/2020 23:00;12,44;0,94;16,74
14/03/2020 00:00;12,6;0,93;16,88
14/03/2020 01:00;12,61;0,93;16,99
14/03/2020 02:00;12,56;0,92;17,04
14/03/2020 03:00;12,54;0,91;17,13
14/03/2020 04:00;12,49;0,92;17,26
14/03/2020 05:00;12,45;0,92;17,34
14/03/2020 06:00;12,41;0,92;17,39
14/03/2020 07:00;12,35;0,9;17,48
14/03/2020 08:00;12,31;0,91;17,52
14/03/2020 09:00;12,35;0,92;17,57
14/03/2020 10:00;12,42;0,94;17,6
14/03/2020 11:00;12,56;0,92;17,61
14/03/2020 12:00;12,67;0,93;17,6
14/03/2020 13:00;12,71;0,94;17,54
14/03/2020 14:00;12,89;0,94;17,49
14/03/2020 15:00;13,05;0,95;17,48
14/03/2020 16:00;13,16;0,95;17,49
14/03/2020 17:00;13,18;0,95;17,51
14/03/2020 18:00;13,2;0,94;17,58
14/03/2020 19:00;13,14;0,95;17,61
14/03/2020 20:00;13,07;0,95;17,65
14/03/2020 21:00;13,07;0,95;17,72
14/03/2020 22:00;13,06;0,94;17,78
14/03/2020 23:00;13,03;0,94;17,8
15/03/2020 00:00;13,02;0,94;17,89
15/03/2020 01:00;13,03;0,93;17,88
15/03/2020 02:00;13,01;0,91;17,43
15/03/2020 03:00;12,96;0,91;17,29
15/03/2020 04:00;12,91;0,89;17,86
15/03/2020 05:00;12,84;0,9;17,77
15/03/2020 06:00;12,8;0,9;17,91
15/03/2020 07:00;12,75;0,89;17,92
15/03/2020 08:00;12,71;0,89;17,95
15/03/2020 09:00;12,73;0,89;17,93
15/03/2020 10:00;12,85;0,88;17,95
15/03/2020 11:00;12,94;0,87;17,96
15/03/2020 12:00;13,05;0,87;17,93
15/03/2020 13:00;13,15;0,87;17,87
15/03/2020 14:00;13,29;0,86;17,81
15/03/2020 15:00;13,75;0,88;17,78
15/03/2020 16:00;14;0,87;17,79
15/03/2020 17:00;14,37;0,89;17,93
15/03/2020 18:00;14,28;0,88;17,95
15/03/2020 19:00;14,17;0,91;17,97
15/03/2020 20:00;14;0,9;17,98
15/03/2020 21:00;13,86;0,92;18
15/03/2020 22:00;13,72;0,93;18
15/03/2020 23:00;13,6;0,91;18
16/03/2020 00:00;13,5;0,93;18,01
16/03/2020 01:00;13,37;0,93;18,01
16/03/2020 02:00;13,25;0,94;18,04
16/03/2020 03:00;13,11;0,94;17,79
16/03/2020 04:00;12,9;0,93;17,75
16/03/2020 05:00;12,7;0,94;18,1
16/03/2020 06:00;12,56;0,95;18,11
16/03/2020 07:00;12,4;0,96;18,15
16/03/2020 08:00;12,24;0,97;18,12
16/03/2020 09:00;12,18;0,97;18,08
16/03/2020 10:00;12,09;0,98;18,05
16/03/2020 11:00;11,97;0,98;17,9
16/03/2020 12:00;11,97;0,98;17,77
16/03/2020 13:00;12,25;0,98;17,65
16/03/2020 14:00;12,69;0,99;17,68
16/03/2020 15:00;12,87;1;17,68
16/03/2020 16:00;13,11;0,99;17,66
16/03/2020 17:00;13,43;0,99;17,7
16/03/2020 18:00;13,57;1;17,71
16/03/2020 19:00;13,56;1,01;17,72
16/03/2020 20:00;13,45;1,03;17,64
16/03/2020 21:00;13,16;1,03;17,48
16/03/2020 22:00;12,98;1,03;17,4
16/03/2020 23:00;12,89;1,03;17,24
17/03/2020 00:00;12,87;1,04;17,05
17/03/2020 01:00;12,81;1,03;17,21
17/03/2020 02:00;12,69;1,04;17,22
17/03/2020 03:00;12,55;1,04;17,22
17/03/2020 04:00;12,4;1,04;16,84
17/03/2020 05:00;12,29;1,03;17,22
17/03/2020 06:00;12,2;1,04;17,23
17/03/2020 07:00;12,1;1,05;17,21
17/03/2020 08:00;12;1,04;17,28
17/03/2020 09:00;11,93;1,05;17,26
17/03/2020 10:00;11,89;1,05;17,19
17/03/2020 11:00;11,86;1,05;16,98
17/03/2020 12:00;11,81;1,05;17,11
17/03/2020 13:00;11,82;1,06;16,81
17/03/2020 14:00;11,9;1,04;16,67
17/03/2020 15:00;12,14;1,03;16,6
17/03/2020 16:00;12,59;1,02;16,6
17/03/2020 17:00;13,2;1,01;16,72
17/03/2020 18:00;13,64;1,01;16,87
17/03/2020 19:00;13,87;1,01;17,05
17/03/2020 20:00;13,92;1,01;17,2
17/03/2020 21:00;13,82;1,02;17,24
17/03/2020 22:00;13,77;1,03;17,28
17/03/2020 23:00;13,76;1,03;17,31
18/03/2020 00:00;13,6;1,02;17,33
18/03/2020 01:00;13,47;1,02;17,33
18/03/2020 02:00;13,34;1,01;17,34
18/03/2020 03:00;13,18;1,01;17,33
18/03/2020 04:00;13,05;1,01;17,33
18/03/2020 05:00;12,91;1;17,34
18/03/2020 06:00;12,79;1;17,35
18/03/2020 07:00;12,66;1;17,37
18/03/2020 08:00;12,52;0,99;17,37
18/03/2020 09:00;12,36;0,98;17,35
18/03/2020 10:00;12,26;0,99;17,22
18/03/2020 11:00;12,25;0,99;16,67
18/03/2020 12:00;12,32;0,98;16,89
18/03/2020 13:00;12,69;0,97;16,79
18/03/2020 14:00;12,88;0,96;16,61
18/03/2020 15:00;13,3;0,95;16,58
18/03/2020 16:00;13,81;0,96;16,57
18/03/2020 17:00;14,28;0,92;16,75
18/03/2020 18:00;14,75;0,94;16,9
18/03/2020 19:00;14,93;0,95;17,01
18/03/2020 20:00;14,86;0,95;17,09
18/03/2020 21:00;14,72;0,97;16,54
18/03/2020 22:00;14,65;0,96;17,27
18/03/2020 23:00;14,47;0,96;17,26
19/03/2020 00:00;14,19;0,95;17,19
19/03/2020 01:00;13,92;0,94;17,14
19/03/2020 02:00;13,72;0,94;17,1
19/03/2020 03:00;13,62;0,94;17,06
19/03/2020 04:00;13,53;0,92;17,09
19/03/2020 05:00;13,43;0,92;17,11
19/03/2020 06:00;13,33;0,92;17,12
19/03/2020 07:00;13,22;0,93;17,14
19/03/2020 08:00;13,13;0,92;17,14
19/03/2020 09:00;13,02;0,92;17,07
19/03/2020 10:00;12,92;0,92;16,9
19/03/2020 11:00;12,8;0,92;16,63
19/03/2020 12:00;12,92;0,89;16,38
19/03/2020 13:00;13,23;0,89;16,3
19/03/2020 14:00;13,46;0,89;16,32
19/03/2020 15:00;13,73;0,88;15,72
19/03/2020 16:00;14,02;0,86;15,67
19/03/2020 17:00;14,38;0,86;15,19
19/03/2020 18:00;14,54;0,89;14,54
19/03/2020 19:00;14,17;0,89;14,55
19/03/2020 20:00;13,84;0,88;14,59
19/03/2020 21:00;13,57;0,89;14,61
19/03/2020 22:00;13,29;0,89;14,62
19/03/2020 23:00;13,03;0,89;14,57
20/03/2020 00:00;12,75;0,89;14,59
20/03/2020 01:00;12,49;0,88;14,59
20/03/2020 02:00;12,26;0,86;14,6
20/03/2020 03:00;12,06;0,86;14,62
20/03/2020 04:00;11,92;0,87;14,58
20/03/2020 05:00;11,74;0,85;14,6
20/03/2020 06:00;11,59;0,85;14,61
20/03/2020 07:00;11,47;0,87;14,61
20/03/2020 08:00;11,3;0,86;14,63
20/03/2020 09:00;11,21;0,86;14,63
20/03/2020 10:00;11,2;0,87;14,63
20/03/2020 11:00;11,4;0,86;14,65
20/03/2020 12:00;11,7;0,86;14,65
20/03/2020 13:00;11,95;0,85;14,66
20/03/2020 14:00;12,44;0,85;14,67
20/03/2020 15:00;12,84;0,86;14,69
20/03/2020 16:00;12,78;0,87;14,7
20/03/2020 17:00;12,59;0,85;14,71
20/03/2020 18:00;12,3;0,85;14,72
20/03/2020 19:00;11,97;0,85;14,74
20/03/2020 20:00;11,59;0,84;14,75
20/03/2020 21:00;11,26;0,84;14,76
20/03/2020 22:00;10,93;0,84;14,76
20/03/2020 23:00;10,63;0,83;14,78
21/03/2020 00:00;10,39;0,83;14,78
21/03/2020 01:00;10,18;0,82;14,78
21/03/2020 02:00;9,93;0,8;14,84
21/03/2020 03:00;9,67;0,8;14,84
21/03/2020 04:00;9,43;0,78;14,84
21/03/2020 05:00;9,19;0,78;14,86
21/03/2020 06:00;9,05;0,78;14,84
21/03/2020 07:00;8,82;0,76;14,86
21/03/2020 08:00;8,7;0,76;14,87
21/03/2020 09:00;8,64;0,75;14,87
21/03/2020 10:00;8,72;0,76;14,87
21/03/2020 11:00;8,89;0,75;14,87
21/03/2020 12:00;9,19;0,75;14,88
21/03/2020 13:00;9,73;0,76;14,88
21/03/2020 14:00;10,16;0,76;14,88
21/03/2020 15:00;10,42;0,76;14,89
21/03/2020 16:00;10,52;0,76;14,9
21/03/2020 17:00;10,49;0,75;14,9
21/03/2020 18:00;10,38;0,74;14,91
21/03/2020 19:00;10,21;0,74;14,92
21/03/2020 20:00;10,01;0,74;14,92
21/03/2020 21:00;9,87;0,75;14,91
21/03/2020 22:00;9,61;0,74;14,92
21/03/2020 23:00;9,34;0,74;14,92
22/03/2020 00:00;9,05;0,74;14,93
22/03/2020 01:00;8,77;0,73;14,93
22/03/2020 02:00;8,55;0,72;14,93
22/03/2020 03:00;8,33;0,72;14,94
22/03/2020 04:00;8,21;0,73;14,95
22/03/2020 05:00;8,25;0,72;14,96
22/03/2020 06:00;8,18;0,71;14,96
22/03/2020 07:00;8,05;0,72;14,95
22/03/2020 08:00;7,94;0,71;14,95
22/03/2020 09:00;7,86;0,7;14,95
22/03/2020 10:00;7,91;0,7;14,95
22/03/2020 11:00;8;0,71;14,95
22/03/2020 12:00;8,11;0,7;14,96
22/03/2020 13:00;8,32;0,71;14,97
22/03/2020 14:00;8,59;0,71;14,97
22/03/2020 15:00;8,92;0,71;14,98
22/03/2020 16:00;9,07;0,71;14,99
22/03/2020 17:00;9,14;0,7;14,99
22/03/2020 18:00;9,12;0,71;15,01
22/03/2020 19:00;9,02;0,71;15,01
22/03/2020 20:00;8,97;0,72;15,01
22/03/2020 21:00;8,91;0,7;15,01
22/03/2020 22:00;8,75;0,7;15,01
22/03/2020 23:00;8,52;0,7;15,03
23/03/2020 00:00;8,32;0,71;15,02
23/03/2020 01:00;8,12;0,69;15,02
23/03/2020 02:00;7,85;0,68;15,02
23/03/2020 03:00;7,57;0,68;15,02
23/03/2020 04:00;7,33;0,68;15,03
23/03/2020 05:00;7,12;0,68;15,03
23/03/2020 06:00;6,87;0,67;15,03
23/03/2020 07:00;6,6;0,68;15,05
23/03/2020 08:00;6,43;0,67;15,04
23/03/2020 09:00;6,44;0,67;15,05
23/03/2020 10:00;6,67;0,68;15,05
23/03/2020 11:00;7,32;0,69;15,04
23/03/2020 12:00;8,29;0,7;15,05
23/03/2020 13:00;9,53;0,73;15,07
23/03/2020 14:00;10,86;0,73;15,08
23/03/2020 15:00;11,8;0,73;15,08
23/03/2020 16:00;12,59;0,73;15,09
23/03/2020 17:00;13,05;0,73;15,09
23/03/2020 18:00;12,96;0,73;15,11
23/03/2020 19:00;12,76;0,74;15,11
23/03/2020 20:00;12,39;0,75;15,11
23/03/2020 21:00;12,08;0,75;15,12
23/03/2020 22:00;11,65;0,74;14,77
23/03/2020 23:00;11,32;0,74;15,1
24/03/2020 00:00;11;0,74;15,11
24/03/2020 01:00;10,66;0,74;15,1
24/03/2020 02:00;10,36;0,73;15,11
24/03/2020 03:00;10,07;0,73;15,11
24/03/2020 04:00;9,71;0,72;15,12
24/03/2020 05:00;9,39;0,72;15,12
24/03/2020 06:00;9,05;0,71;15,13
24/03/2020 07:00;8,7;0,72;15,13
24/03/2020 08:00;8,43;0,7;15,14
24/03/2020 09:00;8,47;0,72;15,14
24/03/2020 10:00;8,7;0,71;15,12
24/03/2020 11:00;9,45;0,71;15,17
24/03/2020 12:00;10,4;0,73;15,14
24/03/2020 13:00;11,56;0,74;15,15
24/03/2020 14:00;12,8;0,75;15,16
24/03/2020 15:00;14,11;0,74;15,13
24/03/2020 16:00;14,63;0,75;15,13
24/03/2020 17:00;15,15;0,75;15,12
24/03/2020 18:00;15,26;0,75;15,16
24/03/2020 19:00;14,82;0,75;15,15
24/03/2020 20:00;14,3;0,74;15,16
24/03/2020 21:00;13,73;0,75;15,18
24/03/2020 22:00;13;0,73;15,16
24/03/2020 23:00;12,57;0,73;15,19
25/03/2020 00:00;12,04;0,72;15,2
25/03/2020 01:00;11,54;0,71;15,2
25/03/2020 02:00;11,05;0,7;15,21
25/03/2020 03:00;10,67;0,71;15,21
25/03/2020 04:00;10,24;0,69;15,22
25/03/2020 05:00;9,82;0,7;15,23
25/03/2020 06:00;9,39;0,69;15,23
25/03/2020 07:00;8,96;0,68;15,24
25/03/2020 08:00;8,59;0,68;15,25
25/03/2020 09:00;8,49;0,68;15,26
25/03/2020 10:00;8,71;0,69;15,25
25/03/2020 11:00;9,4;0,68;15,24
25/03/2020 12:00;10,46;0,7;15,26
25/03/2020 13:00;11,69;0,71;15,27
25/03/2020 14:00;13,01;0,71;15,28
25/03/2020 15:00;14,15;0,71;15,29
25/03/2020 16:00;14,6;0,71;15,3
25/03/2020 17:00;14,56;0,7;15,3
25/03/2020 18:00;14,08;0,7;15,29
25/03/2020 19:00;13,43;0,71;15,31
25/03/2020 20:00;12,9;0,71;15,34
25/03/2020 21:00;12,35;0,7;15,33
25/03/2020 22:00;11,78;0,7;15,34
25/03/2020 23:00;11,31;0,69;15,35
26/03/2020 00:00;10,9;0,69;15,35
26/03/2020 01:00;10,53;0,68;15,36
26/03/2020 02:00;10,16;0,67;15,35
26/03/2020 03:00;9,78;0,67;15,35
26/03/2020 04:00;9,45;0,65;15,37
26/03/2020 05:00;9,09;0,66;15,37
26/03/2020 06:00;8,69;0,65;15,37
26/03/2020 07:00;8,31;0,65;15,37
26/03/2020 08:00;8,06;0,64;15,37
26/03/2020 09:00;8,06;0,64;15,39
26/03/2020 10:00;8,32;0,65;15,39
26/03/2020 11:00;9,09;0,65;15,39
26/03/2020 12:00;10,17;0,66;15,39
26/03/2020 13:00;11,21;0,66;15,41
26/03/2020 14:00;11,81;0,67;15,42
26/03/2020 15:00;12,14;0,67;15,42
26/03/2020 16:00;12,16;0,67;15,43
26/03/2020 17:00;12,11;0,68;15,45
26/03/2020 18:00;11,64;0,68;15,45
26/03/2020 19:00;11,13;0,67;15,47
26/03/2020 20:00;10,65;0,68;15,48
26/03/2020 21:00;10,19;0,67;15,47
26/03/2020 22:00;9,73;0,67;15,48
26/03/2020 23:00;9,35;0,66;15,49
27/03/2020 00:00;8,98;0,66;15,48
27/03/2020 01:00;8,65;0,65;15,49
27/03/2020 02:00;8,36;0,65;15,5
27/03/2020 03:00;8,06;0,64;15,49
27/03/2020 04:00;7,78;0,64;15,49
27/03/2020 05:00;7,52;0,63;15,48
27/03/2020 06:00;7,3;0,63;15,48
27/03/2020 07:00;7,07;0,63;15,49
27/03/2020 08:00;6,94;0,63;15,51
27/03/2020 09:00;7,11;0,63;15,52
27/03/2020 10:00;7,49;0,65;15,51
27/03/2020 11:00;8,62;0,65;15,52
27/03/2020 12:00;9,56;0,67;15,53
27/03/2020 13:00;10,62;0,68;15,52
27/03/2020 14:00;11,75;0,68;15,54
27/03/2020 15:00;12,61;0,69;15,54
27/03/2020 16:00;13,11;0,7;15,55
27/03/2020 17:00;13,26;0,69;15,56
27/03/2020 18:00;12,91;0,71;15,57
27/03/2020 19:00;12,5;0,7;15,58
27/03/2020 20:00;12;0,7;15,59
27/03/2020 21:00;11,56;0,7;15,6
27/03/2020 22:00;11,22;0,7;15,6
27/03/2020 23:00;10,89;0,7;15,5
28/03/2020 00:00;10,56;0,69;15,34
28/03/2020 01:00;10,38;0,69;15,66
28/03/2020 02:00;10,31;0,69;15,67
28/03/2020 03:00;10,07;0,69;15,67
28/03/2020 04:00;9,9;0,69;15,69
28/03/2020 05:00;9,78;0,68;15,69
28/03/2020 06:00;9,64;0,68;15,69
28/03/2020 07:00;9,49;0,69;15,69
28/03/2020 08:00;9,41;0,69;15,69
28/03/2020 09:00;9,37;0,69;15,7
28/03/2020 10:00;9,43;0,7;15,68
28/03/2020 11:00;9,52;0,7;15,69
28/03/2020 12:00;9,81;0,71;15,7
28/03/2020 13:00;10,03;0,72;15,69
28/03/2020 14:00;10,28;0,7;15,69
28/03/2020 15:00;10,4;0,72;15,68
28/03/2020 16:00;10,67;0,71;15,71
28/03/2020 17:00;10,89;0,73;15,71
28/03/2020 18:00;10,61;0,72;15,74
28/03/2020 19:00;10,2;0,71;15,76
28/03/2020 20:00;9,74;0,71;15,77
28/03/2020 21:00;9,41;0,73;15,79
28/03/2020 22:00;9,14;0,73;15,79
28/03/2020 23:00;8,7;0,74;15,83
29/03/2020 00:00;8,23;0,73;15,84
29/03/2020 01:00;7,91;0,72;15,85
29/03/2020 02:00;7,56;0,73;15,87
29/03/2020 03:00;7,23;0,72;15,87
29/03/2020 04:00;6,98;0,72;15,88
29/03/2020 05:00;6,72;0,72;15,9
29/03/2020 06:00;6,44;0,72;15,89
29/03/2020 07:00;6,18;0,72;15,89
29/03/2020 08:00;5,97;0,71;15,9
29/03/2020 09:00;5,9;0,72;15,92
29/03/2020 10:00;6,06;0,73;15,94
29/03/2020 11:00;6,3;0,75;15,95
29/03/2020 12:00;7,11;0,74;15,97
29/03/2020 13:00;8,06;0,76;15,98
29/03/2020 14:00;8,34;0,78;15,98
29/03/2020 15:00;8,97;0,78;16
29/03/2020 16:00;9,32;0,78;15,97
29/03/2020 17:00;9,57;0,78;16
29/03/2020 18:00;9,27;0,79;16,02
29/03/2020 19:00;8,69;0,78;16,04
29/03/2020 20:00;8,01;0,78;16,07
29/03/2020 21:00;7,38;0,76;16,08
29/03/2020 22:00;6,86;0,75;16,1
29/03/2020 23:00;6,42;0,74;16,13
30/03/2020 00:00;6,12;0,74;16,14
30/03/2020 01:00;5,94;0,73;16,15
30/03/2020 02:00;5,81;0,72;16,16
30/03/2020 03:00;5,56;0,72;16,16
30/03/2020 04:00;5,35;0,7;16,15
30/03/2020 05:00;5,19;0,7;16,18
30/03/2020 06:00;4,97;0,7;16,18
30/03/2020 07:00;4,65;0,68;16,16
30/03/2020 08:00;4,32;0,67;16,17
30/03/2020 09:00;4,52;0,66;16,19
30/03/2020 10:00;5,25;0,69;16,2
30/03/2020 11:00;5,67;0,71;16,2
30/03/2020 12:00;6,4;0,7;16,19
30/03/2020 13:00;7,08;0,71;16,24
30/03/2020 14:00;8,19;0,71;16,26
30/03/2020 15:00;9,03;0,7;16,25
30/03/2020 16:00;9,39;0,71;16,23
30/03/2020 17:00;9,58;0,71;16,24
30/03/2020 18:00;9,37;0,71;16,25
30/03/2020 19:00;9,06;0,71;16,25
30/03/2020 20:00;8,58;0,7;16,26
30/03/2020 21:00;8,11;0,69;16,23
30/03/2020 22:00;7,69;0,68;16,27
30/03/2020 23:00;7,28;0,68;16,28
31/03/2020 00:00;6,9;0,67;16,3
31/03/2020 01:00;6,59;0,67;16,31
31/03/2020 02:00;6,36;0,66;16,31
31/03/2020 03:00;6,07;0,65;16,32
31/03/2020 04:00;5,98;0,64;16,31
31/03/2020 05:00;5,85;0,63;16,31
31/03/2020 06:00;5,77;0,64;16,31
31/03/2020 07:00;5,4;0,63;16,31
31/03/2020 08:00;5,3;0,62;16,31
31/03/2020 09:00;5,47;0,64;16,31
31/03/2020 10:00;6,37;0,65;16,32
31/03/2020 11:00;7,6;0,67;16,33
31/03/2020 12:00;8,74;0,67;16,33
31/03/2020 13:00;9,2;0,67;16,33
31/03/2020 14:00;10,05;0,68;16,36
31/03/2020 15:00;11,26;0,69;16,35
31/03/2020 16:00;11,79;0,69;16,34
31/03/2020 17:00;12,06;0,69;16,36
31/03/2020 18:00;11,48;0,69;16,38
31/03/2020 19:00;10,81;0,68;16,36
31/03/2020 20:00;10,12;0,67;16,38
31/03/2020 21:00;9,45;0,67;16,37
31/03/2020 22:00;8,84;0,66;16,38
31/03/2020 23:00;8,38;0,64;16,38
01/04/2020 00:00;7,91;0,63;16,43
01/04/2020 01:00;7,5;0,63;16,42
01/04/2020 02:00;7,19;0,61;16,39
01/04/2020 03:00;6,74;0,59;16,39
01/04/2020 04:00;6,48;0,58;16,4
01/04/2020 05:00;6,06;0,58;16,4
01/04/2020 06:00;5,77;0,56;16,42
01/04/2020 07:00;5,54;0,56;16,41
01/04/2020 08:00;5,37;0,55;16,42
01/04/2020 09:00;5,51;0,56;16,44
01/04/2020 10:00;6,18;0,57;16,43
01/04/2020 11:00;7,48;0,6;16,45
01/04/2020 12:00;8,99;0,6;16,45
01/04/2020 13:00;10,53;0,62;16,46
01/04/2020 14:00;11,94;0,63;16,51
01/04/2020 15:00;12,93;0,63;16,5
01/04/2020 16:00;13,51;0,63;16,52
01/04/2020 17:00;13,58;0,63;16,53
01/04/2020 18:00;12,74;0,63;16,53
01/04/2020 19:00;11,96;0,61;16,55
01/04/2020 20:00;11,42;0,61;16,57
01/04/2020 21:00;10,74;0,61;16,58
01/04/2020 22:00;10,11;0,6;16,58
01/04/2020 23:00;9,56;0,6;16,58
02/04/2020 00:00;9,06;0,59;16,57
02/04/2020 01:00;8,62;0,58;16,57
02/04/2020 02:00;8,16;0,56;16,58
02/04/2020 03:00;7,73;0,55;16,58
02/04/2020 04:00;7,36;0,54;16,58
02/04/2020 05:00;7,28;0,54;16,6
02/04/2020 06:00;7,23;0,54;16,59
02/04/2020 07:00;7,17;0,53;16,61
02/04/2020 08:00;7,18;0,53;16,62
02/04/2020 09:00;7,31;0,53;16,64
02/04/2020 10:00;7,64;0,55;16,6
02/04/2020 11:00;8,16;0,55;16,59
02/04/2020 12:00;8,92;0,55;16,58
02/04/2020 13:00;10,07;0,58;16,61
02/04/2020 14:00;11,1;0,58;16,61
02/04/2020 15:00;12,12;0,59;16,62
02/04/2020 16:00;12,71;0,59;16,62
02/04/2020 17:00;13,18;0,59;16,61
02/04/2020 18:00;12,98;0,59;16,6
02/04/2020 19:00;12,66;0,58;16,63
02/04/2020 20:00;12,31;0,57;16,63
02/04/2020 21:00;11,76;0,57;16,65
02/04/2020 22:00;11,28;0,57;16,68
02/04/2020 23:00;10,78;0,55;16,67
03/04/2020 00:00;10,31;0,55;16,17
03/04/2020 01:00;9,99;0,55;16,7
03/04/2020 02:00;9,74;0,53;16,72
03/04/2020 03:00;9,64;0,54;16,73
03/04/2020 04:00;9,57;0,53;16,73
03/04/2020 05:00;9,48;0,53;16,74
03/04/2020 06:00;9,31;0,54;16,75
03/04/2020 07:00;8,94;0,52;16,69
03/04/2020 08:00;8,98;0,55;16,71
03/04/2020 09:00;9,21;0,54;16,7
03/04/2020 10:00;9,66;0,55;16,68
03/04/2020 11:00;10,88;0,58;16,7
03/04/2020 12:00;12,86;0,59;16,71
03/04/2020 13:00;14,69;0,6;16,71
03/04/2020 14:00;16,44;0,62;16,72
03/04/2020 15:00;17,79;0,62;16,65
03/04/2020 16:00;18,66;0,62;16,64
03/04/2020 17:00;18,86;0,61;16,65
03/04/2020 18:00;17,98;0,62;16,61
03/04/2020 19:00;17,06;0,62;16,63
03/04/2020 20:00;16,18;0,62;16,6
03/04/2020 21:00;15,33;0,61;16,59
03/04/2020 22:00;14,55;0,61;16,59
03/04/2020 23:00;13,8;0,6;16,59
04/04/2020 00:00;13,12;0,6;16,6
04/04/2020 01:00;12,42;0,59;16,21
04/04/2020 02:00;11,85;0,58;16,11
04/04/2020 03:00;11,27;0,57;16,78
04/04/2020 04:00;10,77;0,55;16,79
04/04/2020 05:00;10,18;0,54;16,78
04/04/2020 06:00;9,67;0,53;16,79
04/04/2020 07:00;9,23;0,53;16,8
04/04/2020 08:00;9,11;0,52;16,81
04/04/2020 09:00;9,48;0,53;16,81
04/04/2020 10:00;10,6;0,54;16,83
04/04/2020 11:00;12,5;0,56;16,84
04/04/2020 12:00;14,51;0,57;16,86
04/04/2020 13:00;16,39;0,57;16,89
04/04/2020 14:00;18,04;0,56;16,91
04/04/2020 15:00;19,25;0,56;16,95
04/04/2020 16:00;19,97;0,55;16,95
04/04/2020 17:00;19,84;0,55;16,97
04/04/2020 18:00;18,82;0,56;17,1
04/04/2020 19:00;17,61;0,56;17,18
04/04/2020 20:00;16,54;0,54;17,22
04/04/2020 21:00;15,56;0,55;17,22
04/04/2020 22:00;14,58;0,54;16,81
04/04/2020 23:00;13,74;0,54;16,64
05/04/2020 00:00;12,98;0,51;16,47
05/04/2020 01:00;12,29;0,5;16,56
05/04/2020 02:00;11,65;0,49;16,62
05/04/2020 03:00;10,99;0,47;16,63
05/04/2020 04:00;10,44;0,46;16,64
05/04/2020 05:00;9,93;0,44;16,53
05/04/2020 06:00;9,42;0,43;16,67
05/04/2020 07:00;9,07;0,42;16,15
05/04/2020 08:00;8,99;0,42;16,14
05/04/2020 09:00;9,59;0,43;16,91
05/04/2020 10:00;11,33;0,43;17,28
05/04/2020 11:00;13,54;0,46;17,31
05/04/2020 12:00;16,03;0,47;16,94
05/04/2020 13:00;18,33;0,48;16,66
05/04/2020 14:00;20,13;0,47;17,5
05/04/2020 15:00;20,83;0,46;17,64
05/04/2020 16:00;20,41;0,45;17,68
05/04/2020 17:00;19,65;0,44;17,75
05/04/2020 18:00;18,65;0,45;17,74
05/04/2020 19:00;17,63;0,45;17,76
05/04/2020 20:00;16,5;0,46;17,78
05/04/2020 21:00;15,46;0,46;17,8
05/04/2020 22:00;14,66;0,45;17,82
05/04/2020 23:00;14,17;0,44;17,87
06/04/2020 00:00;13,65;0,44;17,37
06/04/2020 01:00;13,34;0,44;17,69
06/04/2020 02:00;13,02;0,42;17,95
06/04/2020 03:00;12,71;0,43;17,96
06/04/2020 04:00;12,64;0,43;17,9
06/04/2020 05:00;12,52;0,44;17,91
06/04/2020 06:00;12,22;0,45;17,92
06/04/2020 07:00;12,14;0,45;17,96
06/04/2020 08:00;12,11;0,46;17,94
06/04/2020 09:00;12,5;0,47;17,51
06/04/2020 10:00;13,42;0,5;17,94
06/04/2020 11:00;15,44;0,53;17,96
06/04/2020 12:00;17,48;0,54;18
06/04/2020 13:00;19,49;0,54;18,02
06/04/2020 14:00;21,41;0,54;18,05
06/04/2020 15:00;22,61;0,53;18,06
06/04/2020 16:00;22,49;0,54;18,08
06/04/2020 17:00;22,32;0,54;18,12
06/04/2020 18:00;20,79;0,56;18,11
06/04/2020 19:00;19,05;0,57;18,16
06/04/2020 20:00;17,82;0,58;18,16
06/04/2020 21:00;16,9;0,58;18,19
06/04/2020 22:00;16,24;0,58;16,84
06/04/2020 23:00;15,31;0,58;18,27
07/04/2020 00:00;14,46;0,58;18,33
07/04/2020 01:00;13,77;0,58;18,33
07/04/2020 02:00;13,03;0,57;18,32
07/04/2020 03:00;12,43;0,57;18,32
07/04/2020 04:00;11,95;0,55;18,35
07/04/2020 05:00;11,56;0,55;18,38
07/04/2020 06:00;11,31;0,55;18,4
07/04/2020 07:00;11,1;0,54;18,41
07/04/2020 08:00;11,12;0,55;18,43
07/04/2020 09:00;11,38;0,54;18,45
07/04/2020 10:00;11,86;0,55;18,44
07/04/2020 11:00;12,97;0,54;18,45
07/04/2020 12:00;14,51;0,55;18,48
07/04/2020 13:00;16,47;0,55;18,84
07/04/2020 14:00;18,18;0,56;18,87
07/04/2020 15:00;18,7;0,55;18,89
07/04/2020 16:00;19,98;0,55;18,84
07/04/2020 17:00;18,86;0,56;18,88
07/04/2020 18:00;17,59;0,55;18,92
07/04/2020 19:00;16,34;0,54;18,97
07/04/2020 20:00;15,26;0,54;19
07/04/2020 21:00;14,41;0,55;19,03
07/04/2020 22:00;13,87;0,53;19,04
07/04/2020 23:00;13,39;0,54;19,07
08/04/2020 00:00;13;0,53;19,09
08/04/2020 01:00;12,72;0,52;19,09
08/04/2020 02:00;12,62;0,52;19,15
08/04/2020 03:00;12,32;0,51;19,08
08/04/2020 04:00;12,31;0,5;19,09
08/04/2020 05:00;12,15;0,51;19,11
08/04/2020 06:00;11,89;0,51;19,1
08/04/2020 07:00;11,82;0,51;19,13
08/04/2020 08:00;11,92;0,51;19,12
08/04/2020 09:00;12,25;0,53;19,07
08/04/2020 10:00;12,87;0,53;18,95
08/04/2020 11:00;13,92;0,52;18,69
08/04/2020 12:00;17,11;0,57;18,94
08/04/2020 13:00;20,13;0,56;19,08
08/04/2020 14:00;22,32;0,55;18,9
08/04/2020 15:00;23,39;0,54;18,37
08/04/2020 16:00;23,45;0,55;18,78
08/04/2020 17:00;22,76;0,56;18,8
08/04/2020 18:00;21,47;0,57;18,82
08/04/2020 19:00;20,09;0,57;18,85
08/04/2020 20:00;18,93;0,57;18,88
08/04/2020 21:00;18,08;0,57;18,91
08/04/2020 22:00;17,37;0,59;18,93
08/04/2020 23:00;16,54;0,59;18,93
09/04/2020 00:00;15,78;0,57;18,97
09/04/2020 01:00;15,13;0,59;19
09/04/2020 02:00;14,59;0,57;19,04
09/04/2020 03:00;14,13;0,57;19,08
09/04/2020 04:00;13,69;0,58;19,08
09/04/2020 05:00;13,25;0,56;19,13
09/04/2020 06:00;12,85;0,56;19,21
09/04/2020 07:00;12,76;0,56;19,17
09/04/2020 08:00;12,64;0,56;19,18
09/04/2020 09:00;12,81;0,57;19,04
09/04/2020 10:00;13,78;0,6;18,98
09/04/2020 11:00;15,34;0,64;18,98
09/04/2020 12:00;17,34;0,63;19,15
09/04/2020 13:00;19,46;0,65;19,19
09/04/2020 14:00;21,51;0,65;19,34
09/04/2020 15:00;22,76;0,64;19,27
09/04/2020 16:00;23,47;0,63;19,26
09/04/2020 17:00;23,31;0,64;19,21
09/04/2020 18:00;22,81;0,64;19,22
09/04/2020 19:00;21,72;0,65;19,27
09/04/2020 20:00;20,73;0,66;19,3
09/04/2020 21:00;19,87;0,66;19,09
09/04/2020 22:00;19,31;0,68;19,22
09/04/2020 23:00;18,7;0,7;19,25
10/04/2020 00:00;18,37;0,7;19,31
10/04/2020 01:00;17,85;0,7;19,36
10/04/2020 02:00;17,32;0,69;19,35
10/04/2020 03:00;16,86;0,68;19,39
10/04/2020 04:00;16,44;0,68;19,36
10/04/2020 05:00;16,09;0,69;19,39
10/04/2020 06:00;15,69;0,7;19,6
10/04/2020 07:00;15,78;0,68;20,07
10/04/2020 08:00;15,93;0,68;20,39
10/04/2020 09:00;15,92;0,68;20,47
10/04/2020 10:00;16,61;0,71;20,4
10/04/2020 11:00;17,93;0,73;20,83
10/04/2020 12:00;19,3;0,72;20,87
10/04/2020 13:00;20,49;0,73;20,97
10/04/2020 14:00;21,77;0,73;21,02
10/04/2020 15:00;22,2;0,72;20,94
10/04/2020 16:00;22,78;0,72;20,89
10/04/2020 17:00;23,11;0,73;20,87
10/04/2020 18:00;22,94;0,74;20,84
10/04/2020 19:00;22,58;0,74;20,8
10/04/2020 20:00;22,06;0,75;20,79
10/04/2020 21:00;21,61;0,75;20,77
10/04/2020 22:00;21,17;0,76;20,76
10/04/2020 23:00;20,74;0,76;20,75
11/04/2020 00:00;20,36;0,76;20,73
11/04/2020 01:00;20,05;0,79;20,73
11/04/2020 02:00;19,9;0,76;20,79
11/04/2020 03:00;19,69;0,78;20,84
11/04/2020 04:00;19,4;0,78;20,57
11/04/2020 05:00;19,05;0,79;20,81
11/04/2020 06:00;18,79;0,79;20,81
11/04/2020 07:00;18,58;0,79;20,82
11/04/2020 08:00;18,47;0,79;20,77
11/04/2020 09:00;18,77;0,8;20,81
11/04/2020 10:00;19,36;0,79;20,89
11/04/2020 11:00;20,11;0,81;20,89
11/04/2020 12:00;20,85;0,8;20,88
11/04/2020 13:00;21,33;0,81;20,9
11/04/2020 14:00;22,06;0,82;20,89
11/04/2020 15:00;22,66;0,8;20,86
11/04/2020 16:00;23,09;0,81;20,86
11/04/2020 17:00;23,38;0,79;20,84
11/04/2020 18:00;23,35;0,81;20,86
11/04/2020 19:00;23,1;0,82;20,81
11/04/2020 20:00;22,78;0,82;20,8
11/04/2020 21:00;22,4;0,83;20,78
11/04/2020 22:00;22,07;0,83;20,65
11/04/2020 23:00;21,71;0,82;20,79
12/04/2020 00:00;21,33;0,82;20,71
12/04/2020 01:00;20,92;0,83;20,69
12/04/2020 02:00;20,52;0,82;20,67
12/04/2020 03:00;20,15;0,82;20,69
12/04/2020 04:00;19,77;0,8;20,66
12/04/2020 05:00;19,44;0,8;20,66
12/04/2020 06:00;19,09;0,8;20,65
12/04/2020 07:00;18,79;0,8;20,66
12/04/2020 08:00;18,64;0,81;20,66
12/04/2020 09:00;18,59;0,78;20,66
12/04/2020 10:00;18,83;0,78;20,54
12/04/2020 11:00;19,17;0,78;19,92
12/04/2020 12:00;19,57;0,78;20,46
12/04/2020 13:00;19,96;0,76;20,46
12/04/2020 14:00;20,51;0,75;20,57
12/04/2020 15:00;21,01;0,74;20,57
12/04/2020 16:00;21,23;0,72;20,55
12/04/2020 17:00;21,54;0,73;20,54
12/04/2020 18:00;21,27;0,72;20,55
12/04/2020 19:00;21,14;0,73;20,55
12/04/2020 20:00;20,81;0,74;20,54
12/04/2020 21:00;20,58;0,74;20,56
12/04/2020 22:00;20,35;0,74;20,52
12/04/2020 23:00;20,14;0,75;20,33
13/04/2020 00:00;19,9;0,75;20,83
13/04/2020 01:00;19,69;0,75;20,85
13/04/2020 02:00;19,47;0,75;20,87
13/04/2020 03:00;19,31;0,75;20,91
13/04/2020 04:00;19,13;0,76;20,93
13/04/2020 05:00;18,85;0,78;20,94
13/04/2020 06:00;18,1;0,78;20,83
13/04/2020 07:00;17,55;0,79;20,75
13/04/2020 08:00;16,8;0,8;20,64
13/04/2020 09:00;16,63;0,81;20,7
13/04/2020 10:00;16,46;0,82;20,72
13/04/2020 11:00;16,35;0,83;20,74
13/04/2020 12:00;16,35;0,83;20,77
13/04/2020 13:00;16,79;0,83;20,81
13/04/2020 14:00;17,17;0,84;20,84
13/04/2020 15:00;17,36;0,84;20,85
13/04/2020 16:00;17,39;0,83;20,86
13/04/2020 17:00;17,21;0,84;20,85
13/04/2020 18:00;16,74;0,85;20,87
13/04/2020 19:00;16,02;0,84;20,85
13/04/2020 20:00;15,25;0,85;20,89
13/04/2020 21:00;14,58;0,86;20,89
13/04/2020 22:00;13,9;0,85;20,9
13/04/2020 23:00;13,34;0,85;20,89
14/04/2020 00:00;12,88;0,86;20,95
14/04/2020 01:00;12,47;0,85;20,98
14/04/2020 02:00;12,09;0,85;21
14/04/2020 03:00;11,65;0,84;21
14/04/2020 04:00;11,22;0,84;21
14/04/2020 05:00;10,78;0,83;21,01
14/04/2020 06:00;10,54;0,83;21
14/04/2020 07:00;10,31;0,84;20,96
14/04/2020 08:00;10,08;0,83;20,92
14/04/2020 09:00;10,27;0,83;20,95
14/04/2020 10:00;10,63;0,83;20,96
14/04/2020 11:00;11,26;0,84;20,97
14/04/2020 12:00;12,18;0,84;20,99
14/04/2020 13:00;13,07;0,85;21
14/04/2020 14:00;13,92;0,85;21,01
